"","Fault.Descrip","nClaims","pctClaims","cumPctClaims"
"1","at fault",420,0.46875,0.46875
"2","not at fault",356,0.397321428571429,0.866071428571429
"3","insufficient information",74,0.0825892857142857,0.948660714285714
"4","no knowledge",23,0.0256696428571429,0.974330357142857
"5","partial fault",14,0.015625,0.989955357142857
"6","",8,0.00892857142857143,0.998883928571428
"7","vehicle defect",1,0.00111607142857143,1
